recipe_id,image_key,caption
004205a8a0,images/image$adsdb-multimodal-food-data-management$2026-01-04T18-32-24Z$00986040e01752b6c79d8e494fad0152__004205a8a0_4.jpg,Banana French Toast
004205a8a0,images/image$adsdb-multimodal-food-data-management$2026-01-04T18-32-24Z$4308a2afefaa15b92a36345520c2c55b__004205a8a0_3.jpg,Banana French Toast
004205a8a0,images/image$adsdb-multimodal-food-data-management$2026-01-04T18-32-24Z$ac7770c510f5839dfacdc704366fda9e__004205a8a0_2.jpg,Banana French Toast
004205a8a0,images/image$adsdb-multimodal-food-data-management$2026-01-04T18-32-24Z$c951e7ad58a75e7022b9ab94d73c4332__004205a8a0_0.jpg,Banana French Toast
004205a8a0,images/image$adsdb-multimodal-food-data-management$2026-01-04T18-32-24Z$fdfdbe065c52535e811086a68802a070__004205a8a0_1.jpg,Banana French Toast
0036b28b5f,images/image$adsdb-multimodal-food-data-management$2026-01-04T18-32-24Z$019d605cd87433c3af66d628af4328a1__0036b28b5f_0.jpg,Pain Au Riz (Rice Bread)
0036b28b5f,images/image$adsdb-multimodal-food-data-management$2026-01-04T18-32-24Z$d79279f23975d03a899f248fac636400__0036b28b5f_1.jpg,Pain Au Riz (Rice Bread)
0021f004a6,images/image$adsdb-multimodal-food-data-management$2026-01-04T18-32-24Z$01f7092a19c81c20bedb424b620fcced__0021f004a6_1.jpg,Soured Milk Cake
0021f004a6,images/image$adsdb-multimodal-food-data-management$2026-01-04T18-32-24Z$5c07f3da38716d7aec3d6b9090325743__0021f004a6_2.jpg,Soured Milk Cake
0021f004a6,images/image$adsdb-multimodal-food-data-management$2026-01-04T18-32-24Z$69391209f542783df5aaffef5aad968a__0021f004a6_0.jpg,Soured Milk Cake
000b71bd25,images/image$adsdb-multimodal-food-data-management$2026-01-04T18-32-24Z$023bdcc87e1cb309921cc24051bd24e0__000b71bd25_0.jpg,Fresh Mozzarella & Tomato Salad With Balsamic Vinaigrette
000b71bd25,images/image$adsdb-multimodal-food-data-management$2026-01-04T18-32-24Z$24250ee2c3fc6f8a1639adafc0105e29__000b71bd25_4.jpg,Fresh Mozzarella & Tomato Salad With Balsamic Vinaigrette
000b71bd25,images/image$adsdb-multimodal-food-data-management$2026-01-04T18-32-24Z$26f424f36357fc1fbf130a1d6b56e90b__000b71bd25_1.jpg,Fresh Mozzarella & Tomato Salad With Balsamic Vinaigrette
000b71bd25,images/image$adsdb-multimodal-food-data-management$2026-01-04T18-32-24Z$7704a969b6fd51553d1363eeda531cb6__000b71bd25_3.jpg,Fresh Mozzarella & Tomato Salad With Balsamic Vinaigrette
001b4d55a6,images/image$adsdb-multimodal-food-data-management$2026-01-04T18-32-24Z$024d065b03e02c144eff8548e9d73051__001b4d55a6_0.jpg,Claudia's Zucchini Bread
002fd94c16,images/image$adsdb-multimodal-food-data-management$2026-01-04T18-32-24Z$028325f60e4acfd4978e13f1a8f0c18f__002fd94c16_0.jpg,Sour Cream Lemon Muffins
003642bf69,images/image$adsdb-multimodal-food-data-management$2026-01-04T18-32-24Z$03c280abae6574171c585e687cc946c1__003642bf69_5.jpg,Lord's Acre Potato Salad
003642bf69,images/image$adsdb-multimodal-food-data-management$2026-01-04T18-32-24Z$192975e3ec7d5312cf0c00e91654b441__003642bf69_1.jpg,Lord's Acre Potato Salad
003642bf69,images/image$adsdb-multimodal-food-data-management$2026-01-04T18-32-24Z$28452535b49a885d49a23925a1adc50c__003642bf69_6.jpg,Lord's Acre Potato Salad
003642bf69,images/image$adsdb-multimodal-food-data-management$2026-01-04T18-32-24Z$4d02cb00d2b258b24ab7d772f84ba3d0__003642bf69_0.jpg,Lord's Acre Potato Salad
003642bf69,images/image$adsdb-multimodal-food-data-management$2026-01-04T18-32-24Z$507b42c646924d812b632398e9b3e005__003642bf69_3.jpg,Lord's Acre Potato Salad
003642bf69,images/image$adsdb-multimodal-food-data-management$2026-01-04T18-32-24Z$b30d85e013370d88fc93e93cb90d2cb0__003642bf69_2.jpg,Lord's Acre Potato Salad
003642bf69,images/image$adsdb-multimodal-food-data-management$2026-01-04T18-32-24Z$e047138808a3aa02b197d1915002730b__003642bf69_4.jpg,Lord's Acre Potato Salad
002722561c,images/image$adsdb-multimodal-food-data-management$2026-01-04T18-32-24Z$0413e14c60a6ebae444331f7841ac509__002722561c_0.jpg,Moist Meatloaf
002722561c,images/image$adsdb-multimodal-food-data-management$2026-01-04T18-32-24Z$1054a42f6944a597909c7db0fb21d063__002722561c_2.jpg,Moist Meatloaf
002722561c,images/image$adsdb-multimodal-food-data-management$2026-01-04T18-32-24Z$bb40707b1bf0c901ee66b118959accbc__002722561c_1.jpg,Moist Meatloaf
003971cf31,images/image$adsdb-multimodal-food-data-management$2026-01-04T18-32-24Z$0508823716486b15483dc0e7cb34ad2b__003971cf31_0.jpg,Classic Lasagna
003971cf31,images/image$adsdb-multimodal-food-data-management$2026-01-04T18-32-24Z$d93af3e9decd3da36d71e11d600c9cf4__003971cf31_1.jpg,Classic Lasagna
002060fe45,images/image$adsdb-multimodal-food-data-management$2026-01-04T18-32-24Z$0558f2a6d89ddf97eb7c1d34d7393ccb__002060fe45_0.jpg,Arugula and Pea Salad
0040d6ad3c,images/image$adsdb-multimodal-food-data-management$2026-01-04T18-32-24Z$0577df8fb4fac0af4a230d95c42ae83f__0040d6ad3c_1.jpg,Pasta with Creamy Red Roasted Pepper Sauce
0040d6ad3c,images/image$adsdb-multimodal-food-data-management$2026-01-04T18-32-24Z$5902ce51adbb4bcf943db3f36ca1040d__0040d6ad3c_0.jpg,Pasta with Creamy Red Roasted Pepper Sauce
0040d6ad3c,images/image$adsdb-multimodal-food-data-management$2026-01-04T18-32-24Z$d1d08a63287b72e16913cd76b0025b31__0040d6ad3c_2.jpg,Pasta with Creamy Red Roasted Pepper Sauce
00450fe962,images/image$adsdb-multimodal-food-data-management$2026-01-04T18-32-24Z$057ac154f84babbe959add002b442aab__00450fe962_0.jpg,Aunt Marie's Peas
00450fe962,images/image$adsdb-multimodal-food-data-management$2026-01-04T18-32-24Z$728db4bd6053305ae646fb8006b8cfea__00450fe962_2.jpg,Aunt Marie's Peas
00450fe962,images/image$adsdb-multimodal-food-data-management$2026-01-04T18-32-24Z$963ea44821b34f6a6896bae4a8417b79__00450fe962_1.jpg,Aunt Marie's Peas
00450fe962,images/image$adsdb-multimodal-food-data-management$2026-01-04T18-32-24Z$c2bb6f0a9a0aec023872e8647d2b9533__00450fe962_3.jpg,Aunt Marie's Peas
00274c3c21,images/image$adsdb-multimodal-food-data-management$2026-01-04T18-32-24Z$05dc008fd08a0a7769cc7020c0ecb213__00274c3c21_4.jpg,Easy Chicken Egg Rolls
00274c3c21,images/image$adsdb-multimodal-food-data-management$2026-01-04T18-32-24Z$3a9ac091802ea37e22f0d909c22eb4de__00274c3c21_3.jpg,Easy Chicken Egg Rolls
00274c3c21,images/image$adsdb-multimodal-food-data-management$2026-01-04T18-32-24Z$3ebf18016b35b0625155194bac17a78c__00274c3c21_1.jpg,Easy Chicken Egg Rolls
00274c3c21,images/image$adsdb-multimodal-food-data-management$2026-01-04T18-32-24Z$555e63b1c666a1b1227eae536e19f689__00274c3c21_0.jpg,Easy Chicken Egg Rolls
00274c3c21,images/image$adsdb-multimodal-food-data-management$2026-01-04T18-32-24Z$64a3e1223c8b72641678c1d9025eaf71__00274c3c21_10.jpg,Easy Chicken Egg Rolls
00274c3c21,images/image$adsdb-multimodal-food-data-management$2026-01-04T18-32-24Z$6b1045e70beb427966b6a8d9af12dff2__00274c3c21_9.jpg,Easy Chicken Egg Rolls
00274c3c21,images/image$adsdb-multimodal-food-data-management$2026-01-04T18-32-24Z$7e7af74ab2de725f1a8112c8df058383__00274c3c21_5.jpg,Easy Chicken Egg Rolls
00274c3c21,images/image$adsdb-multimodal-food-data-management$2026-01-04T18-32-24Z$8ad559fedc0bfe342f3e05423a912bef__00274c3c21_7.jpg,Easy Chicken Egg Rolls
00274c3c21,images/image$adsdb-multimodal-food-data-management$2026-01-04T18-32-24Z$91f6f5428ad7514612ccc84ab674ef05__00274c3c21_6.jpg,Easy Chicken Egg Rolls
00274c3c21,images/image$adsdb-multimodal-food-data-management$2026-01-04T18-32-24Z$b97cf332bd8a43e8c43b2176572718f7__00274c3c21_8.jpg,Easy Chicken Egg Rolls
00274c3c21,images/image$adsdb-multimodal-food-data-management$2026-01-04T18-32-24Z$c855e5c1daf8635e79d7730f197b15df__00274c3c21_2.jpg,Easy Chicken Egg Rolls
00266e560d,images/image$adsdb-multimodal-food-data-management$2026-01-04T18-32-24Z$072c6fa5b3a7d3bc8ce52e2a5abd77e6__00266e560d_0.jpg,Pasta Bake With Goats' Cheese
00266e560d,images/image$adsdb-multimodal-food-data-management$2026-01-04T18-32-24Z$614f0b472b57b59e5b3496abeb0834b3__00266e560d_1.jpg,Pasta Bake With Goats' Cheese
00497987c7,images/image$adsdb-multimodal-food-data-management$2026-01-04T18-32-24Z$077c848893f922a769f5c98a153b30e5__00497987c7_0.jpg,Baby Face Cupcakes
003eb2c01a,images/image$adsdb-multimodal-food-data-management$2026-01-04T18-32-24Z$07f933e1af9e3e8f4791440fe9d39104__003eb2c01a_4.jpg,Family-Favorite Macaroni and Cheese
003eb2c01a,images/image$adsdb-multimodal-food-data-management$2026-01-04T18-32-24Z$1f8bfa417204c1d9ff5ac8b8ea0b2765__003eb2c01a_3.jpg,Family-Favorite Macaroni and Cheese
003eb2c01a,images/image$adsdb-multimodal-food-data-management$2026-01-04T18-32-24Z$21dc4c8a71404336fbb499d6e7b5dd98__003eb2c01a_0.jpg,Family-Favorite Macaroni and Cheese
003eb2c01a,images/image$adsdb-multimodal-food-data-management$2026-01-04T18-32-24Z$89c297daaee9b083ad82898b83695ff8__003eb2c01a_2.jpg,Family-Favorite Macaroni and Cheese
0037418635,images/image$adsdb-multimodal-food-data-management$2026-01-04T18-32-24Z$0ab8ea04f444002b781935424fe5da6c__0037418635_9.jpg,Green Jasmine Rice
0037418635,images/image$adsdb-multimodal-food-data-management$2026-01-04T18-32-24Z$16f0cce0632e65587bc18051c8e0620e__0037418635_6.jpg,Green Jasmine Rice
0037418635,images/image$adsdb-multimodal-food-data-management$2026-01-04T18-32-24Z$26b4ccad1154f140c213dcd92a64b5bd__0037418635_4.jpg,Green Jasmine Rice
0037418635,images/image$adsdb-multimodal-food-data-management$2026-01-04T18-32-24Z$290f1620f09f9a1fd4015f3b1f436ca3__0037418635_3.jpg,Green Jasmine Rice
0037418635,images/image$adsdb-multimodal-food-data-management$2026-01-04T18-32-24Z$54daeef6f5db431aee283bc857df565b__0037418635_1.jpg,Green Jasmine Rice
0037418635,images/image$adsdb-multimodal-food-data-management$2026-01-04T18-32-24Z$7b46838cde8c70e358efcaccf770f492__0037418635_0.jpg,Green Jasmine Rice
0037418635,images/image$adsdb-multimodal-food-data-management$2026-01-04T18-32-24Z$a22129d66e7f6c810f35aa27dde51f6c__0037418635_7.jpg,Green Jasmine Rice
0037418635,images/image$adsdb-multimodal-food-data-management$2026-01-04T18-32-24Z$a3982296b7c70163207441f9affd193b__0037418635_5.jpg,Green Jasmine Rice
0037418635,images/image$adsdb-multimodal-food-data-management$2026-01-04T18-32-24Z$a999e3cdf0413daadc0504505816dbd4__0037418635_8.jpg,Green Jasmine Rice
0037418635,images/image$adsdb-multimodal-food-data-management$2026-01-04T18-32-24Z$fc5e47a0b9e0912b1baa615f6bbeffde__0037418635_2.jpg,Green Jasmine Rice
0032a590b1,images/image$adsdb-multimodal-food-data-management$2026-01-04T18-32-24Z$0b26b12e1a25e16785978100dc2f8551__0032a590b1_2.jpg,Fresh Cranberry Sauce (Relish)
0032a590b1,images/image$adsdb-multimodal-food-data-management$2026-01-04T18-32-24Z$44d96cf57ef34377bc00e74254bbbfd2__0032a590b1_0.jpg,Fresh Cranberry Sauce (Relish)
0032a590b1,images/image$adsdb-multimodal-food-data-management$2026-01-04T18-32-24Z$a1f872b0efb508ea9a0ddfef9fe02c99__0032a590b1_1.jpg,Fresh Cranberry Sauce (Relish)
00431e3782,images/image$adsdb-multimodal-food-data-management$2026-01-04T18-32-24Z$0b9080746f9b052aa2fcd0ad6a0f1814__00431e3782_0.jpg,Ginger Honey
0028f57fc0,images/image$adsdb-multimodal-food-data-management$2026-01-04T18-32-24Z$0e89c52eaaafd82f43de2fab19bb47ea__0028f57fc0_1.jpg,Scallop Chowder
0028f57fc0,images/image$adsdb-multimodal-food-data-management$2026-01-04T18-32-24Z$193615767ffac4d2d5cbf3daca61f2d8__0028f57fc0_0.jpg,Scallop Chowder
001e4a5f80,images/image$adsdb-multimodal-food-data-management$2026-01-04T18-32-24Z$0f9b19bcb22f5fca89b7374c763d0ef9__001e4a5f80_0.jpg,Jicama Salad With Cilantro and Chiles
000bd531d5,images/image$adsdb-multimodal-food-data-management$2026-01-04T18-32-24Z$1131df21b2f8a0beef920711e0b8bde5__000bd531d5_0.jpg,Miso Chicken
000bba053c,images/image$adsdb-multimodal-food-data-management$2026-01-04T18-32-24Z$119b8b2249d9012935ba228549bba6c5__000bba053c_0.jpg,Harriet's Bran Muffins
000bba053c,images/image$adsdb-multimodal-food-data-management$2026-01-04T18-32-24Z$f70dd6b413316dfccbba21faeaf2aded__000bba053c_1.jpg,Harriet's Bran Muffins
002548583b,images/image$adsdb-multimodal-food-data-management$2026-01-04T18-32-24Z$141c1cff6f1fcbab488702f2365b57bc__002548583b_0.jpg,Pasta Neapolitan
00073a6b36,images/image$adsdb-multimodal-food-data-management$2026-01-04T18-32-24Z$142496c88baebda2c924c53461d0f78e__00073a6b36_0.jpg,Easy Cheese Sauce
00147ea7f2,images/image$adsdb-multimodal-food-data-management$2026-01-04T18-32-24Z$150bab48b5df0707240c18d1a54e418c__00147ea7f2_0.jpg,Turkey Porcupine Meatballs
00147ea7f2,images/image$adsdb-multimodal-food-data-management$2026-01-04T18-32-24Z$ad6b89321f3339b1fe4dd60b86c14db3__00147ea7f2_1.jpg,Turkey Porcupine Meatballs
004370070b,images/image$adsdb-multimodal-food-data-management$2026-01-04T18-32-24Z$16ee3e2c25e44313b42aaff6e007cf56__004370070b_4.jpg,Crock Pot Caramelized Onions
004370070b,images/image$adsdb-multimodal-food-data-management$2026-01-04T18-32-24Z$17e840ad1fd01f065b9b9f15078bf573__004370070b_2.jpg,Crock Pot Caramelized Onions
004370070b,images/image$adsdb-multimodal-food-data-management$2026-01-04T18-32-24Z$39c3dabf6ea209243b16c6b3b13cc8de__004370070b_6.jpg,Crock Pot Caramelized Onions
004370070b,images/image$adsdb-multimodal-food-data-management$2026-01-04T18-32-24Z$d3a92195488dec856af90d4b1d0b08d6__004370070b_0.jpg,Crock Pot Caramelized Onions
00059b093b,images/image$adsdb-multimodal-food-data-management$2026-01-04T18-32-24Z$178c1af104b971fe99d70bfdaf0b9f10__00059b093b_0.jpg,Honey Sriracha Chicken Wings
0049bb84db,images/image$adsdb-multimodal-food-data-management$2026-01-04T18-32-24Z$184cb7d9d2217dc6fc7cff00baf71f9c__0049bb84db_5.jpg,Gumbo Crecent City Seafood Gumbo
0049bb84db,images/image$adsdb-multimodal-food-data-management$2026-01-04T18-32-24Z$23a9caf581d5cd1ce4438d9fb6283d0e__0049bb84db_4.jpg,Gumbo Crecent City Seafood Gumbo
0049bb84db,images/image$adsdb-multimodal-food-data-management$2026-01-04T18-32-24Z$39aed06797c29a73ab2a471e2612d1a0__0049bb84db_3.jpg,Gumbo Crecent City Seafood Gumbo
0049bb84db,images/image$adsdb-multimodal-food-data-management$2026-01-04T18-32-24Z$7faa2b923f1768f86e442b78a4837654__0049bb84db_1.jpg,Gumbo Crecent City Seafood Gumbo
0049bb84db,images/image$adsdb-multimodal-food-data-management$2026-01-04T18-32-24Z$a9fec3075e2ea08c37541f9b5f8c0c97__0049bb84db_0.jpg,Gumbo Crecent City Seafood Gumbo
0049bb84db,images/image$adsdb-multimodal-food-data-management$2026-01-04T18-32-24Z$d1ec2a5b542dfe1bdbc83f1b6fe12ae3__0049bb84db_2.jpg,Gumbo Crecent City Seafood Gumbo
002cc9ec2c,images/image$adsdb-multimodal-food-data-management$2026-01-04T18-32-24Z$18c39ca118686c348d29e802a47a1e6a__002cc9ec2c_0.jpg,Cinnamon Vanilla Hotcakes
000095fc1d,images/image$adsdb-multimodal-food-data-management$2026-01-04T18-32-24Z$19214085d36fb535c7dbf24d178dea1b__000095fc1d_0.jpg,Yogurt Parfaits
0042785d6f,images/image$adsdb-multimodal-food-data-management$2026-01-04T18-32-24Z$19c9e0c829434ee7f8268efb081b31dd__0042785d6f_1.jpg,Holiday Spritz Cookies ( Anna Olson's Spritz Cookies)
0042785d6f,images/image$adsdb-multimodal-food-data-management$2026-01-04T18-32-24Z$ce7fa140cd68bf1c8707fc192cb6223f__0042785d6f_0.jpg,Holiday Spritz Cookies ( Anna Olson's Spritz Cookies)
004721d84e,images/image$adsdb-multimodal-food-data-management$2026-01-04T18-32-24Z$19eafbcceb9ea7c44314523d857cf3c7__004721d84e_0.jpg,Moms Sweet and Sour Short Ribs
00003a70b1,images/image$adsdb-multimodal-food-data-management$2026-01-04T18-32-24Z$1a426726a1e467b8e6360e980b03f611__00003a70b1_1.jpg,Crunchy Onion Potato Bake
00003a70b1,images/image$adsdb-multimodal-food-data-management$2026-01-04T18-32-24Z$1b1a47ccbb9d3b879c21952c03111b34__00003a70b1_2.jpg,Crunchy Onion Potato Bake
00003a70b1,images/image$adsdb-multimodal-food-data-management$2026-01-04T18-32-24Z$b07c43b0325f168d7ce2b580d8e4b2a4__00003a70b1_0.jpg,Crunchy Onion Potato Bake
002e7e145a,images/image$adsdb-multimodal-food-data-management$2026-01-04T18-32-24Z$1b29fc39380101ea41a040b1d97b7327__002e7e145a_0.jpg,Comforting Cheese Soup with Red Pepper and Bacon
001537b578,images/image$adsdb-multimodal-food-data-management$2026-01-04T18-32-24Z$1baeb4ad66ae143ec8695d0987e63cd2__001537b578_0.jpg,BBq Steak Sandwiches With a Rainbow of Peppers
001537b578,images/image$adsdb-multimodal-food-data-management$2026-01-04T18-32-24Z$f6e4faec9dccc2f27f9f4542fdfcd656__001537b578_1.jpg,BBq Steak Sandwiches With a Rainbow of Peppers
00129c6253,images/image$adsdb-multimodal-food-data-management$2026-01-04T18-32-24Z$1ee911df08e45932b9090efec416f77b__00129c6253_0.jpg,Moroccan Spice Mix
00129c6253,images/image$adsdb-multimodal-food-data-management$2026-01-04T18-32-24Z$ff4de67fb150364439b12c4a53a87156__00129c6253_1.jpg,Moroccan Spice Mix
00089de6f7,images/image$adsdb-multimodal-food-data-management$2026-01-04T18-32-24Z$1f319b35211a3460a2ea0c4e6a9a8092__00089de6f7_0.jpg,Spicy Korean Temple Noodles
0046321818,images/image$adsdb-multimodal-food-data-management$2026-01-04T18-32-24Z$20a2d4cd495f0e140ffe427d437b148c__0046321818_0.jpg,Slow Cooked / Crock Pot Pulled Pork
00240f3f94,images/image$adsdb-multimodal-food-data-management$2026-01-04T18-32-24Z$20be5c374fa9b3650cdcee0de71e2b13__00240f3f94_0.jpg,Orange-Blossom-Honey Madeleines
002198585a,images/image$adsdb-multimodal-food-data-management$2026-01-04T18-32-24Z$20fe725804b0817b32caa6fafbc15c9f__002198585a_0.jpg,Yummy Ribs
002198585a,images/image$adsdb-multimodal-food-data-management$2026-01-04T18-32-24Z$fa85355a7e552da378dc12bea81cd357__002198585a_1.jpg,Yummy Ribs
002ca1ba5a,images/image$adsdb-multimodal-food-data-management$2026-01-04T18-32-24Z$21186e98f18aa7af9e0d1314bce12772__002ca1ba5a_0.jpg,Horseradish Deviled Eggs
00404a729c,images/image$adsdb-multimodal-food-data-management$2026-01-04T18-32-24Z$21b566bdcf5e8a1b3f6fd76957317bed__00404a729c_2.jpg,Cinnamon Apricot Ice Cream Topping
00404a729c,images/image$adsdb-multimodal-food-data-management$2026-01-04T18-32-24Z$5c2c29ca29836f68457278a70eb7eb64__00404a729c_3.jpg,Cinnamon Apricot Ice Cream Topping
00404a729c,images/image$adsdb-multimodal-food-data-management$2026-01-04T18-32-24Z$b3683d8e9f88c9f49c0e6e128a5c387d__00404a729c_0.jpg,Cinnamon Apricot Ice Cream Topping
00404a729c,images/image$adsdb-multimodal-food-data-management$2026-01-04T18-32-24Z$e10862611e3afbf5c1a6321610f6616c__00404a729c_1.jpg,Cinnamon Apricot Ice Cream Topping
004ac39841,images/image$adsdb-multimodal-food-data-management$2026-01-04T18-32-24Z$2226ea47d2468f120f0c9269756b97b0__004ac39841_1.jpg,Easy Pizza Dough for Bread Machine
004ac39841,images/image$adsdb-multimodal-food-data-management$2026-01-04T18-32-24Z$9af7b259134c17e15507b8a540aa1a69__004ac39841_0.jpg,Easy Pizza Dough for Bread Machine
001545cb7c,images/image$adsdb-multimodal-food-data-management$2026-01-04T18-32-24Z$24afd513e446311fd6ac5fcf58cca4c1__001545cb7c_1.jpg,Black Forest Pumpernickel (Abm)
001545cb7c,images/image$adsdb-multimodal-food-data-management$2026-01-04T18-32-24Z$732e38e995ffb57f7c9c9f31953032f8__001545cb7c_2.jpg,Black Forest Pumpernickel (Abm)
001545cb7c,images/image$adsdb-multimodal-food-data-management$2026-01-04T18-32-24Z$ee105e62c1bdd99efae4210a935e8a38__001545cb7c_0.jpg,Black Forest Pumpernickel (Abm)
003bacaf60,images/image$adsdb-multimodal-food-data-management$2026-01-04T18-32-24Z$2586642d3534cff9adefe409b3d351b5__003bacaf60_2.jpg,Caramel Coffee Syrup
003bacaf60,images/image$adsdb-multimodal-food-data-management$2026-01-04T18-32-24Z$841ae6e2956a7236722d15dcf6c854d9__003bacaf60_1.jpg,Caramel Coffee Syrup
003bacaf60,images/image$adsdb-multimodal-food-data-management$2026-01-04T18-32-24Z$ac42c47d03d2e68cf2318d493ee62f54__003bacaf60_0.jpg,Caramel Coffee Syrup
0008e9296d,images/image$adsdb-multimodal-food-data-management$2026-01-04T18-32-24Z$27411161d5ab042cbe985fea570e18c9__0008e9296d_0.jpg,Veal Chops with Rosemary Butter
001b65f018,images/image$adsdb-multimodal-food-data-management$2026-01-04T18-32-24Z$276b8e6723cd0a529a55134db761fedb__001b65f018_1.jpg,Almost Companion Bread's Baked Eggs
001b65f018,images/image$adsdb-multimodal-food-data-management$2026-01-04T18-32-24Z$5a8a72b57485d7175182b09f52700b21__001b65f018_0.jpg,Almost Companion Bread's Baked Eggs
001522b77d,images/image$adsdb-multimodal-food-data-management$2026-01-04T18-32-24Z$27a085939996c04c88f0a8d5e28768af__001522b77d_0.jpg,Coffee Shop Style Easy Cake Mix Biscotti
00034ad6cc,images/image$adsdb-multimodal-food-data-management$2026-01-04T18-32-24Z$2ae214acf9fa1e79658ea486f850525c__00034ad6cc_2.jpg,Best Ever Fettuccine Alfredo
00034ad6cc,images/image$adsdb-multimodal-food-data-management$2026-01-04T18-32-24Z$85ae0f868eeaff2e38971c848cbe8d71__00034ad6cc_1.jpg,Best Ever Fettuccine Alfredo
00034ad6cc,images/image$adsdb-multimodal-food-data-management$2026-01-04T18-32-24Z$fb5e74d207155ada179586fadfd41b4c__00034ad6cc_0.jpg,Best Ever Fettuccine Alfredo
000590db74,images/image$adsdb-multimodal-food-data-management$2026-01-04T18-32-24Z$2beb30949c65b2f7b28a032ffda5959b__000590db74_0.jpg,Shalom Bayit Kugel (Potato Kugel)
0013350f98,images/image$adsdb-multimodal-food-data-management$2026-01-04T18-32-24Z$2d4ae4d0b31fcfe2c581b4172cc52c42__0013350f98_0.jpg,Chicken Stir-Fry with Peanut Sauce
001341d70b,images/image$adsdb-multimodal-food-data-management$2026-01-04T18-32-24Z$2dda7c80eb4f6254c6725ed5fabc8830__001341d70b_0.jpg,Crispy Walnut Sweet & Sour Stir-Fry
002e397368,images/image$adsdb-multimodal-food-data-management$2026-01-04T18-32-24Z$2e6376da56bcd6ed524fcc3027a3f844__002e397368_2.jpg,Brussels Sprouts With Bacon and Apple
002e397368,images/image$adsdb-multimodal-food-data-management$2026-01-04T18-32-24Z$a251ad99d5dc192324b666cbf8ab3222__002e397368_1.jpg,Brussels Sprouts With Bacon and Apple
002e397368,images/image$adsdb-multimodal-food-data-management$2026-01-04T18-32-24Z$e0296ad42b1e4a026313c89948dac448__002e397368_0.jpg,Brussels Sprouts With Bacon and Apple
002bac0f54,images/image$adsdb-multimodal-food-data-management$2026-01-04T18-32-24Z$2ef25bd757fb6981ac033d477522a986__002bac0f54_0.jpg,Ciabatta Bread With Nuts No Knead No Wash
002bac0f54,images/image$adsdb-multimodal-food-data-management$2026-01-04T18-32-24Z$3f62c545d726924db681e7ee62417949__002bac0f54_3.jpg,Ciabatta Bread With Nuts No Knead No Wash
002bac0f54,images/image$adsdb-multimodal-food-data-management$2026-01-04T18-32-24Z$6d519f62dea6a73c90050878d6b048c4__002bac0f54_2.jpg,Ciabatta Bread With Nuts No Knead No Wash
002bac0f54,images/image$adsdb-multimodal-food-data-management$2026-01-04T18-32-24Z$de767ff6c39f1ca5090d31710adedb57__002bac0f54_1.jpg,Ciabatta Bread With Nuts No Knead No Wash
001d443d79,images/image$adsdb-multimodal-food-data-management$2026-01-04T18-32-24Z$34405661201f605d0f6a4663bc45d455__001d443d79_0.jpg,Pizza Cupcakes
001690c085,images/image$adsdb-multimodal-food-data-management$2026-01-04T18-32-24Z$34831cd1853bb08533fba341f7227dd9__001690c085_0.jpg,Twice-Fried Chicken - Malaysia
00203e2b66,images/image$adsdb-multimodal-food-data-management$2026-01-04T18-32-24Z$3678a79c00b36ca5ba6bdf8d90cf0200__00203e2b66_1.jpg,Swedish Butter Cookies
00203e2b66,images/image$adsdb-multimodal-food-data-management$2026-01-04T18-32-24Z$84735e0a805dbe52c4fc75182317c670__00203e2b66_0.jpg,Swedish Butter Cookies
002a3b4c85,images/image$adsdb-multimodal-food-data-management$2026-01-04T18-32-24Z$37198902e71123ce710b2e4bfc896d9e__002a3b4c85_0.jpg,Berry Citrus Cake
0019ddced7,images/image$adsdb-multimodal-food-data-management$2026-01-04T18-32-24Z$3738795d2d68798fb565a66cbbabaa24__0019ddced7_0.jpg,Easter Carrots (Chocolate Covered Strawberries)
00034cf3f3,images/image$adsdb-multimodal-food-data-management$2026-01-04T18-32-24Z$39ae3497dba7d5906d1134259dfcf84f__00034cf3f3_0.jpg,"Meringue Topping... You Don't Weep, It Doesn't Either!!"
00034cf3f3,images/image$adsdb-multimodal-food-data-management$2026-01-04T18-32-24Z$8f1d8e67153f9cf2472502426b8ecf05__00034cf3f3_1.jpg,"Meringue Topping... You Don't Weep, It Doesn't Either!!"
0047288c92,images/image$adsdb-multimodal-food-data-management$2026-01-04T18-32-24Z$3a47b54be1b4ad660fb2f46eea752ebd__0047288c92_0.jpg,Macaroni and Cheese
0023abc631,images/image$adsdb-multimodal-food-data-management$2026-01-04T18-32-24Z$3a9846daafc17f0b96d8922a9d36ba1d__0023abc631_6.jpg,Devil's Food Chocolate Chip Muffins
0023abc631,images/image$adsdb-multimodal-food-data-management$2026-01-04T18-32-24Z$3d2c92ba9da1d9e97f9a9ea45367524b__0023abc631_1.jpg,Devil's Food Chocolate Chip Muffins
0023abc631,images/image$adsdb-multimodal-food-data-management$2026-01-04T18-32-24Z$49ffb5eb0aa9e5324a2019f6a9075a48__0023abc631_0.jpg,Devil's Food Chocolate Chip Muffins
0023abc631,images/image$adsdb-multimodal-food-data-management$2026-01-04T18-32-24Z$5870c64ecabbafe5787c905bf7c61343__0023abc631_5.jpg,Devil's Food Chocolate Chip Muffins
0023abc631,images/image$adsdb-multimodal-food-data-management$2026-01-04T18-32-24Z$5f29f9ff12019756a4a422e9cb452ded__0023abc631_9.jpg,Devil's Food Chocolate Chip Muffins
0023abc631,images/image$adsdb-multimodal-food-data-management$2026-01-04T18-32-24Z$87dd56fec75fe90ce882ff010a24a1ee__0023abc631_3.jpg,Devil's Food Chocolate Chip Muffins
0023abc631,images/image$adsdb-multimodal-food-data-management$2026-01-04T18-32-24Z$a48ed7ef97ff5b6dc3ba697760f8d3f3__0023abc631_4.jpg,Devil's Food Chocolate Chip Muffins
0023abc631,images/image$adsdb-multimodal-food-data-management$2026-01-04T18-32-24Z$aa07b543ecb13986557d663838182343__0023abc631_2.jpg,Devil's Food Chocolate Chip Muffins
0023abc631,images/image$adsdb-multimodal-food-data-management$2026-01-04T18-32-24Z$ac423dd459924be0952de80a936fd0a3__0023abc631_7.jpg,Devil's Food Chocolate Chip Muffins
0023abc631,images/image$adsdb-multimodal-food-data-management$2026-01-04T18-32-24Z$b8eb6f5f58c26ec973eb9540e531bc1c__0023abc631_10.jpg,Devil's Food Chocolate Chip Muffins
0023abc631,images/image$adsdb-multimodal-food-data-management$2026-01-04T18-32-24Z$f46dbd6032126e539cfd2e074ee70b0f__0023abc631_8.jpg,Devil's Food Chocolate Chip Muffins
0039d835d6,images/image$adsdb-multimodal-food-data-management$2026-01-04T18-32-24Z$3be20b718ea577253583a3b5fcff019c__0039d835d6_0.jpg,Sopa De Ajo - Castilian Garlic Soup
003a0fd8af,images/image$adsdb-multimodal-food-data-management$2026-01-04T18-32-24Z$3c5cda0fffaa811673834e2a208b97d3__003a0fd8af_0.jpg,Cucumber and Tomato Salad
00268650f0,images/image$adsdb-multimodal-food-data-management$2026-01-04T18-32-24Z$3de088ac271a587c3eb44b326ecf6763__00268650f0_0.jpg,Almond-Pear Galette
0038195c12,images/image$adsdb-multimodal-food-data-management$2026-01-04T18-32-24Z$3f8563f416e2765038fa029599c3e130__0038195c12_0.jpg,Whipped Feta and Herb Dip
0049ea9ec7,images/image$adsdb-multimodal-food-data-management$2026-01-04T18-32-24Z$427329400975601b3c78680de3aebffb__0049ea9ec7_0.jpg,Spiced Pear Hand Pies
0030330616,images/image$adsdb-multimodal-food-data-management$2026-01-04T18-32-24Z$4276f0486bb11bed08899fd42aea3c8a__0030330616_1.jpg,Lilly Belle's Strawberry Pudding
001be6c670,images/image$adsdb-multimodal-food-data-management$2026-01-04T18-32-24Z$42cd47f336a6117c724a5b3bbdb87d3a__001be6c670_1.jpg,Xampinyons En Salsa - Mushrooms in Sauce
001be6c670,images/image$adsdb-multimodal-food-data-management$2026-01-04T18-32-24Z$626e77512d45c81e1995dd7964b2ef76__001be6c670_0.jpg,Xampinyons En Salsa - Mushrooms in Sauce
001be6c670,images/image$adsdb-multimodal-food-data-management$2026-01-04T18-32-24Z$7507e786f842c5b36c00e16804905122__001be6c670_2.jpg,Xampinyons En Salsa - Mushrooms in Sauce
0044bff0b8,images/image$adsdb-multimodal-food-data-management$2026-01-04T18-32-24Z$42d3c06e2fb8c79f14dd7e3211f7edab__0044bff0b8_0.jpg,Lemon and Roasted Garlic Mayo
0044bff0b8,images/image$adsdb-multimodal-food-data-management$2026-01-04T18-32-24Z$e270672134524d97e23d61063dc188e9__0044bff0b8_1.jpg,Lemon and Roasted Garlic Mayo
001b684416,images/image$adsdb-multimodal-food-data-management$2026-01-04T18-32-24Z$4625ad38940d5c05c7e910164f0144bd__001b684416_0.jpg,Almond and Walnut Kataifi (Cake Style)
0003d5b120,images/image$adsdb-multimodal-food-data-management$2026-01-04T18-32-24Z$46ffc3890fb1c38ca6bf1520471269cf__0003d5b120_0.jpg,Balsamic Chicken Pasta with Fresh Cheese
00010c7867,images/image$adsdb-multimodal-food-data-management$2026-01-04T18-32-24Z$4786052a58187b0a9c875fde7cf940c9__00010c7867_0.jpg,Grandmommy's Mexicali Meatloaf
00010c7867,images/image$adsdb-multimodal-food-data-management$2026-01-04T18-32-24Z$a558f045aadaf96e44b67c18e77b0a87__00010c7867_1.jpg,Grandmommy's Mexicali Meatloaf
0029ad68bc,images/image$adsdb-multimodal-food-data-management$2026-01-04T18-32-24Z$48961d2fcd38f539ae3effae3573beb0__0029ad68bc_2.jpg,Roast Salmon With Spiced Coconut Crumbs
0029ad68bc,images/image$adsdb-multimodal-food-data-management$2026-01-04T18-32-24Z$99c1eeb834b96dbffda68ceac98e6fb7__0029ad68bc_0.jpg,Roast Salmon With Spiced Coconut Crumbs
0029ad68bc,images/image$adsdb-multimodal-food-data-management$2026-01-04T18-32-24Z$eddca69897712e0781bde825d1fced00__0029ad68bc_1.jpg,Roast Salmon With Spiced Coconut Crumbs
00288d0081,images/image$adsdb-multimodal-food-data-management$2026-01-04T18-32-24Z$4c152232b9fdfd8a2019ab97e121642d__00288d0081_0.jpg,Walnut Cream Cake
001243534a,images/image$adsdb-multimodal-food-data-management$2026-01-04T18-32-24Z$4c38c3cdbd9638d50e570015461fb5e9__001243534a_0.jpg,Peg's Chili
003f5c1abe,images/image$adsdb-multimodal-food-data-management$2026-01-04T18-32-24Z$4cc8b37696c485a1abff4685b49088ef__003f5c1abe_3.jpg,Chicken Cordon Bleu II
003f5c1abe,images/image$adsdb-multimodal-food-data-management$2026-01-04T18-32-24Z$bf043a2b65d4254546c09cc3e07faae7__003f5c1abe_1.jpg,Chicken Cordon Bleu II
003f5c1abe,images/image$adsdb-multimodal-food-data-management$2026-01-04T18-32-24Z$dc7d754854d65ca6a14c0229f773cc64__003f5c1abe_0.jpg,Chicken Cordon Bleu II
003f5c1abe,images/image$adsdb-multimodal-food-data-management$2026-01-04T18-32-24Z$eb90400e5fa859ec510ddebcfa9b8a17__003f5c1abe_2.jpg,Chicken Cordon Bleu II
002dcd51b8,images/image$adsdb-multimodal-food-data-management$2026-01-04T18-32-24Z$4dcaf956da3ae92ba121b0e58c6ecc02__002dcd51b8_2.jpg,Unleavened Whole Wheat Bread
002dcd51b8,images/image$adsdb-multimodal-food-data-management$2026-01-04T18-32-24Z$8430381d8c852d5e287d03a622ebb68b__002dcd51b8_1.jpg,Unleavened Whole Wheat Bread
002dcd51b8,images/image$adsdb-multimodal-food-data-management$2026-01-04T18-32-24Z$f4655ce8e538e550fa2858581ea6d29d__002dcd51b8_0.jpg,Unleavened Whole Wheat Bread
0046c1d2ac,images/image$adsdb-multimodal-food-data-management$2026-01-04T18-32-24Z$4eb42bd5cd3c6b5186b3ffbf15c58bca__0046c1d2ac_0.jpg,Agave cake with rhubarb compote
002dd9056e,images/image$adsdb-multimodal-food-data-management$2026-01-04T18-32-24Z$4fe8d1acd253c0818563bfa1e0adcb66__002dd9056e_1.jpg,Roasted Red Potato Wedges
002dd9056e,images/image$adsdb-multimodal-food-data-management$2026-01-04T18-32-24Z$6c6d18aa3caf536dd4a8f47f2b8db860__002dd9056e_0.jpg,Roasted Red Potato Wedges
002e36d111,images/image$adsdb-multimodal-food-data-management$2026-01-04T18-32-24Z$5080abcc0393e72d5a26f2f96a9e194e__002e36d111_0.jpg,Richie's Stuffed Mushrooms
003e7b0e8f,images/image$adsdb-multimodal-food-data-management$2026-01-04T18-32-24Z$508bb9384a8b58397f335ae5e32e6374__003e7b0e8f_1.jpg,White Cake
003e7b0e8f,images/image$adsdb-multimodal-food-data-management$2026-01-04T18-32-24Z$b3bba6cc8bd593d2d8354ce162bc96f2__003e7b0e8f_0.jpg,White Cake
00174f1b21,images/image$adsdb-multimodal-food-data-management$2026-01-04T18-32-24Z$5247af626576c246c7c97fd02cccb9b7__00174f1b21_0.jpg,Pumpkin Spice Pound Cake
002f5d86e5,images/image$adsdb-multimodal-food-data-management$2026-01-04T18-32-24Z$56851311d52080bd3e6922533651be28__002f5d86e5_0.jpg,Curried Sausages
0032012ed0,images/image$adsdb-multimodal-food-data-management$2026-01-04T18-32-24Z$579eca62bb93d5421fd474ac40e1b644__0032012ed0_0.jpg,Yummy Chocolate Crumb Cake
0032012ed0,images/image$adsdb-multimodal-food-data-management$2026-01-04T18-32-24Z$b5fb6299d308ac3835c10ac8eebd2603__0032012ed0_1.jpg,Yummy Chocolate Crumb Cake
0008fab425,images/image$adsdb-multimodal-food-data-management$2026-01-04T18-32-24Z$57a871858fda5288104a328ebea956b1__0008fab425_2.jpg,"Tagliatelle With Garlic, Gorgonzola and Basil"
0008fab425,images/image$adsdb-multimodal-food-data-management$2026-01-04T18-32-24Z$bbde1e628998635ea8afb61510eeeddb__0008fab425_1.jpg,"Tagliatelle With Garlic, Gorgonzola and Basil"
0008fab425,images/image$adsdb-multimodal-food-data-management$2026-01-04T18-32-24Z$fdc2fdec3209bfc126175cfb4cc8fe56__0008fab425_3.jpg,"Tagliatelle With Garlic, Gorgonzola and Basil"
000c3fbb33,images/image$adsdb-multimodal-food-data-management$2026-01-04T18-32-24Z$58646544ed25094a257f61d3ee77083f__000c3fbb33_0.jpg,Tuna Noodle Florentine
00403739e0,images/image$adsdb-multimodal-food-data-management$2026-01-04T18-32-24Z$58ad78d5727c6a19cde1c77382f2a5c5__00403739e0_0.jpg,Carrot Beetroot Sweet Balls
0018221876,images/image$adsdb-multimodal-food-data-management$2026-01-04T18-32-24Z$5be7a63666ba20cdff38db08ff726aff__0018221876_1.jpg,"Light Wheat, Vienna Style Bread"
0018221876,images/image$adsdb-multimodal-food-data-management$2026-01-04T18-32-24Z$7abea6e95c046906d0636a8352b81b81__0018221876_0.jpg,"Light Wheat, Vienna Style Bread"
004ba028b2,images/image$adsdb-multimodal-food-data-management$2026-01-04T18-32-24Z$5d34450dd93f4dbe46fb5010948115f9__004ba028b2_1.jpg,""" Ma's"" Oatmeal Cake and Icing"
004ba028b2,images/image$adsdb-multimodal-food-data-management$2026-01-04T18-32-24Z$a8043f52cc0428263159bf8f7b2bca18__004ba028b2_0.jpg,""" Ma's"" Oatmeal Cake and Icing"
003c17c817,images/image$adsdb-multimodal-food-data-management$2026-01-04T18-32-24Z$5e3f92b3c0329e680cf4734faf3fc773__003c17c817_0.jpg,Grandma's Apple Cake
00047059be,images/image$adsdb-multimodal-food-data-management$2026-01-04T18-32-24Z$5fa6352d9a2d3953ec1b1bdde5658bf1__00047059be_1.jpg,Butternut Squash Soup or Bisque (Roasting Method)
00047059be,images/image$adsdb-multimodal-food-data-management$2026-01-04T18-32-24Z$aa96ee07545dc7c815d404942f3f28c7__00047059be_0.jpg,Butternut Squash Soup or Bisque (Roasting Method)
00047059be,images/image$adsdb-multimodal-food-data-management$2026-01-04T18-32-24Z$e9da53b4f23ab299b2299f8cb8d83bee__00047059be_2.jpg,Butternut Squash Soup or Bisque (Roasting Method)
000dfc842f,images/image$adsdb-multimodal-food-data-management$2026-01-04T18-32-24Z$6052963ccafa1e6f2b44540d7411d764__000dfc842f_1.jpg,Hot Fudge Pudding Cake II
000dfc842f,images/image$adsdb-multimodal-food-data-management$2026-01-04T18-32-24Z$68d70ac73e8fddc2f7c7a70c662df7e1__000dfc842f_0.jpg,Hot Fudge Pudding Cake II
000dfc842f,images/image$adsdb-multimodal-food-data-management$2026-01-04T18-32-24Z$8e0d7863f25243a791e17138ad248fc6__000dfc842f_3.jpg,Hot Fudge Pudding Cake II
000dfc842f,images/image$adsdb-multimodal-food-data-management$2026-01-04T18-32-24Z$d3539cf556b138c08a3f561fd9f28c97__000dfc842f_5.jpg,Hot Fudge Pudding Cake II
00195713fa,images/image$adsdb-multimodal-food-data-management$2026-01-04T18-32-24Z$60e5f5f98c200edd706b1a621b18aa51__00195713fa_0.jpg,West African Banana Fritters
00195713fa,images/image$adsdb-multimodal-food-data-management$2026-01-04T18-32-24Z$f41e7e877f1c52ceff7533de3e25aec4__00195713fa_1.jpg,West African Banana Fritters
001203700b,images/image$adsdb-multimodal-food-data-management$2026-01-04T18-32-24Z$628f6ecb97b6db3f31b86f77fe992876__001203700b_0.jpg,Tegelese Tesmi (Eritrean Herb Butter)
00214a92d8,images/image$adsdb-multimodal-food-data-management$2026-01-04T18-32-24Z$63b68f42f6f34336102154362678aea6__00214a92d8_0.jpg,Creamy Baked Ziti
001680842d,images/image$adsdb-multimodal-food-data-management$2026-01-04T18-32-24Z$649ae69811b1c30ebf56dd305509bc14__001680842d_0.jpg,Lady Bird Johnson's Spoon Bread
003e231a46,images/image$adsdb-multimodal-food-data-management$2026-01-04T18-32-24Z$64b17e5d3bc300b2f8bc4fd8cd8e263f__003e231a46_0.jpg,Chocolate Cinnamon Bread Pudding
002356d00b,images/image$adsdb-multimodal-food-data-management$2026-01-04T18-32-24Z$667c893dc5fe2b9c835c9805bbad9962__002356d00b_0.jpg,Feta and Mint Mini Meatloaves
0042aebdf7,images/image$adsdb-multimodal-food-data-management$2026-01-04T18-32-24Z$6a80dfb90464c76540ea55ac0357ddcd__0042aebdf7_0.jpg,Dirt Trifle With Gummy Worms
0042aebdf7,images/image$adsdb-multimodal-food-data-management$2026-01-04T18-32-24Z$8a723cefe30f85ef02080bb9b088405b__0042aebdf7_1.jpg,Dirt Trifle With Gummy Worms
0000b1e2b5,images/image$adsdb-multimodal-food-data-management$2026-01-04T18-32-24Z$6aaf18e8462526c1298ea0ccfaa861a5__0000b1e2b5_0.jpg,Fennel-Rubbed Pork Tenderloin with Roasted Fennel Wedges
001148ab26,images/image$adsdb-multimodal-food-data-management$2026-01-04T18-32-24Z$6d0cdfb181c234894dc0b8ee94d46ecc__001148ab26_1.jpg,Yellow Squash Saute
001148ab26,images/image$adsdb-multimodal-food-data-management$2026-01-04T18-32-24Z$c261053cb7c31aa125c6460318c0f56f__001148ab26_0.jpg,Yellow Squash Saute
001d0d82e9,images/image$adsdb-multimodal-food-data-management$2026-01-04T18-32-24Z$6d59aeb42a03607adc3d59ab0edec200__001d0d82e9_0.jpg,Fig Compote
000a3d10fb,images/image$adsdb-multimodal-food-data-management$2026-01-04T18-32-24Z$6d9911addf791600d8b30ecb4523c410__000a3d10fb_2.jpg,Good Ole Chicken Creole
0000c79afb,images/image$adsdb-multimodal-food-data-management$2026-01-04T18-32-24Z$6e0720efb93c1e5c1719b5b4c0c4cd7e__0000c79afb_0.jpg,Pink Sangria
0016f38e7e,images/image$adsdb-multimodal-food-data-management$2026-01-04T18-32-24Z$6e8d83b9364e0960ccc7129779fa2538__0016f38e7e_0.jpg,Melon Mint White Sangria
0048d5de55,images/image$adsdb-multimodal-food-data-management$2026-01-04T18-32-24Z$722fa98ac33f24cb6ec58306a963d9bf__0048d5de55_0.jpg,Cabbage and Caramelized Onion Tart
00089c3010,images/image$adsdb-multimodal-food-data-management$2026-01-04T18-32-24Z$72b3e6e5ece452f537675217b7cc8fe1__00089c3010_0.jpg,Easy Italian-Style Chili
00299c1a1a,images/image$adsdb-multimodal-food-data-management$2026-01-04T18-32-24Z$763269e937851fcf7cd91f0740d9466b__00299c1a1a_0.jpg,"Homemade Ricotta, Pine Nuts, Parmesan & Fresh Mint Ravioli"
002cf86363,images/image$adsdb-multimodal-food-data-management$2026-01-04T18-32-24Z$7677066fc1cdc52b5a12ebce4e51f663__002cf86363_0.jpg,Nutty Bean Burgers
002cf86363,images/image$adsdb-multimodal-food-data-management$2026-01-04T18-32-24Z$dd47f9e5d5d4385eae9759262f6d9c54__002cf86363_1.jpg,Nutty Bean Burgers
002cf86363,images/image$adsdb-multimodal-food-data-management$2026-01-04T18-32-24Z$e0793fed93e29a93c56278816f0cd3af__002cf86363_2.jpg,Nutty Bean Burgers
0006354bc3,images/image$adsdb-multimodal-food-data-management$2026-01-04T18-32-24Z$76b064e7793ff50589b5a30296084630__0006354bc3_1.jpg,Irresistible Peanut Butter Cookies
0006354bc3,images/image$adsdb-multimodal-food-data-management$2026-01-04T18-32-24Z$dc5038364b2665f78442881d8c4dd660__0006354bc3_0.jpg,Irresistible Peanut Butter Cookies
003e14a98c,images/image$adsdb-multimodal-food-data-management$2026-01-04T18-32-24Z$78235ea1ed52e9edc5f5878774726c68__003e14a98c_0.jpg,Country Ribs for 2
003e14a98c,images/image$adsdb-multimodal-food-data-management$2026-01-04T18-32-24Z$7cd520e5909aed844c7861d0dbb20a80__003e14a98c_1.jpg,Country Ribs for 2
003c46e073,images/image$adsdb-multimodal-food-data-management$2026-01-04T18-32-24Z$78ccac6231bfae201100f864b0937924__003c46e073_0.jpg,"Pecan, Brown Sugar, and Kahlua Baked Brie"
0043529eab,images/image$adsdb-multimodal-food-data-management$2026-01-04T18-32-24Z$7bfc3b3472a8af878c80bfe41beaddf1__0043529eab_1.jpg,Chunky Turkey Vegetable Chili (Crock Pot)
0043529eab,images/image$adsdb-multimodal-food-data-management$2026-01-04T18-32-24Z$c3dc0de6a4786176d9431eb6df66d154__0043529eab_0.jpg,Chunky Turkey Vegetable Chili (Crock Pot)
001f6bd24a,images/image$adsdb-multimodal-food-data-management$2026-01-04T18-32-24Z$7c2d77fe98553cc7a8e479a3fdffada5__001f6bd24a_0.jpg,Trifle Cupcakes
00238c1046,images/image$adsdb-multimodal-food-data-management$2026-01-04T18-32-24Z$7c37e8e99668fa735caacbf50a89d000__00238c1046_0.jpg,Pastel Cake
002d9b8fee,images/image$adsdb-multimodal-food-data-management$2026-01-04T18-32-24Z$7d95bc64622913bb4170a07a09401d8f__002d9b8fee_3.jpg,Quick Pierogies (Potato Filled Pasta Pockets) Casserole
002d9b8fee,images/image$adsdb-multimodal-food-data-management$2026-01-04T18-32-24Z$8db9092379131c36a0c1803080e8dc0a__002d9b8fee_2.jpg,Quick Pierogies (Potato Filled Pasta Pockets) Casserole
002d9b8fee,images/image$adsdb-multimodal-food-data-management$2026-01-04T18-32-24Z$9e9de5d99bf8a210c494365198c0ef09__002d9b8fee_0.jpg,Quick Pierogies (Potato Filled Pasta Pockets) Casserole
002d9b8fee,images/image$adsdb-multimodal-food-data-management$2026-01-04T18-32-24Z$b3aa3d2c5e7bdb3c73abf32cf5509ace__002d9b8fee_1.jpg,Quick Pierogies (Potato Filled Pasta Pockets) Casserole
002d9b8fee,images/image$adsdb-multimodal-food-data-management$2026-01-04T18-32-24Z$e7f94a14cff4ed018f1d14fb5522b1d7__002d9b8fee_4.jpg,Quick Pierogies (Potato Filled Pasta Pockets) Casserole
001af004ec,images/image$adsdb-multimodal-food-data-management$2026-01-04T18-32-24Z$7e1603a21d6d18a27ffbfa253a9026c3__001af004ec_0.jpg,Super Easy Toffee Crackers
000238353f,images/image$adsdb-multimodal-food-data-management$2026-01-04T18-32-24Z$7f01f4e6109d990f3a2b1725592aca71__000238353f_0.jpg,Sausage and marmalade plait recipe
00111b70f6,images/image$adsdb-multimodal-food-data-management$2026-01-04T18-32-24Z$819b257e2425749a9598eafb0235b5dc__00111b70f6_0.jpg,Pineapple Marinade
00111b70f6,images/image$adsdb-multimodal-food-data-management$2026-01-04T18-32-24Z$de57131e176e114167df92db6b595632__00111b70f6_1.jpg,Pineapple Marinade
0016138570,images/image$adsdb-multimodal-food-data-management$2026-01-04T18-32-24Z$826739f26d9653b4b93319d84903af1d__0016138570_0.jpg,Tortellini and Greens Bake
0004073370,images/image$adsdb-multimodal-food-data-management$2026-01-04T18-32-24Z$83189752b485fd356984f8964f675bdf__0004073370_0.jpg,Super Easy Pie Crust
00100336d5,images/image$adsdb-multimodal-food-data-management$2026-01-04T18-32-24Z$83f3a3d75fcb0f47e45a2e6782c333bb__00100336d5_0.jpg,Four Alarm Chili
002d900428,images/image$adsdb-multimodal-food-data-management$2026-01-04T18-32-24Z$844a7e6cb4d75441b67956efd2bd587d__002d900428_2.jpg,Fried Potato Cake
002d900428,images/image$adsdb-multimodal-food-data-management$2026-01-04T18-32-24Z$89ef831a5f8b795cde63dcb15dcd6acb__002d900428_0.jpg,Fried Potato Cake
002d900428,images/image$adsdb-multimodal-food-data-management$2026-01-04T18-32-24Z$eb3c1d73dd638b6176a7a210c35a131d__002d900428_1.jpg,Fried Potato Cake
001b01d4ff,images/image$adsdb-multimodal-food-data-management$2026-01-04T18-32-24Z$8484fa26ba3ce168e18543f7f30e97d9__001b01d4ff_0.jpg,Bair Family Macaroni Salad
0033c0be56,images/image$adsdb-multimodal-food-data-management$2026-01-04T18-32-24Z$84c4e61e5cc5f523c37b3b9f59285458__0033c0be56_2.jpg,Simply Sinful Cinnamon Rolls
0033c0be56,images/image$adsdb-multimodal-food-data-management$2026-01-04T18-32-24Z$97d66ebd3750625dbc6bf249f77d89e0__0033c0be56_0.jpg,Simply Sinful Cinnamon Rolls
0033c0be56,images/image$adsdb-multimodal-food-data-management$2026-01-04T18-32-24Z$cfe3b0722729efc20e35233d01506787__0033c0be56_1.jpg,Simply Sinful Cinnamon Rolls
0033c0be56,images/image$adsdb-multimodal-food-data-management$2026-01-04T18-32-24Z$d5fbb7238485ccd91f01be550d4d1558__0033c0be56_3.jpg,Simply Sinful Cinnamon Rolls
0042e499be,images/image$adsdb-multimodal-food-data-management$2026-01-04T18-32-24Z$8681b2a30e178f299cd0a2d482288bb3__0042e499be_0.jpg,Chocolate Sugar Cookies
0042e499be,images/image$adsdb-multimodal-food-data-management$2026-01-04T18-32-24Z$9cc1b5306ba2f3baba6d0413a4be7620__0042e499be_1.jpg,Chocolate Sugar Cookies
003ef1cc1e,images/image$adsdb-multimodal-food-data-management$2026-01-04T18-32-24Z$87dd0c1c6484a30da560e6dea187b9a0__003ef1cc1e_3.jpg,Southern-Style Baked Beans
003ef1cc1e,images/image$adsdb-multimodal-food-data-management$2026-01-04T18-32-24Z$c0ed6dfff9e24916bae757bbf8c8b334__003ef1cc1e_2.jpg,Southern-Style Baked Beans
003ef1cc1e,images/image$adsdb-multimodal-food-data-management$2026-01-04T18-32-24Z$edbec834ff66bdbfb7178ed5d4be73fd__003ef1cc1e_0.jpg,Southern-Style Baked Beans
003ef1cc1e,images/image$adsdb-multimodal-food-data-management$2026-01-04T18-32-24Z$f339d2d5dc6c11c2f752326390fc2af1__003ef1cc1e_1.jpg,Southern-Style Baked Beans
000cc17819,images/image$adsdb-multimodal-food-data-management$2026-01-04T18-32-24Z$8881ebaad092c858056d52604ad8f087__000cc17819_0.jpg,P. F. Changs Sauce for Fried Green Beans Appetizer
0014f77398,images/image$adsdb-multimodal-food-data-management$2026-01-04T18-32-24Z$88bff48378925ede62b6d143b27f866a__0014f77398_0.jpg,Open-Face Portabella Sandwiches
00388f89d8,images/image$adsdb-multimodal-food-data-management$2026-01-04T18-32-24Z$891530d0fd2fffe863428913fbd6a0a2__00388f89d8_0.jpg,Oatmeal Lace Cookies
00497bba53,images/image$adsdb-multimodal-food-data-management$2026-01-04T18-32-24Z$893b12783cba22314f28bc8a1aeb78d7__00497bba53_0.jpg,Egg Rolls
001747b10d,images/image$adsdb-multimodal-food-data-management$2026-01-04T18-32-24Z$8abd25a2de426e640b8d00085884565f__001747b10d_0.jpg,Double Chocolate Cupcakes
003ff07e31,images/image$adsdb-multimodal-food-data-management$2026-01-04T18-32-24Z$8c820e38b9059c5be9ebf67cdc5be596__003ff07e31_1.jpg,Big Oatmeal Chocolate Chip Cookies
003ff07e31,images/image$adsdb-multimodal-food-data-management$2026-01-04T18-32-24Z$b3dda1513a98b1528fe22f0ea3219f99__003ff07e31_0.jpg,Big Oatmeal Chocolate Chip Cookies
000d73dc07,images/image$adsdb-multimodal-food-data-management$2026-01-04T18-32-24Z$8dbc71ebdfa2836bd1f9a0f8e4bfdc02__000d73dc07_0.jpg,Crab Cakes With Roasted Pepper Remoulade Sauce
000d73dc07,images/image$adsdb-multimodal-food-data-management$2026-01-04T18-32-24Z$c6d72c5fa94f1d9fbb6b48e008c9f614__000d73dc07_1.jpg,Crab Cakes With Roasted Pepper Remoulade Sauce
000d73dc07,images/image$adsdb-multimodal-food-data-management$2026-01-04T18-32-24Z$e41ef454ab6fa276a9d071fffcbc2101__000d73dc07_2.jpg,Crab Cakes With Roasted Pepper Remoulade Sauce
001ab60ef2,images/image$adsdb-multimodal-food-data-management$2026-01-04T18-32-24Z$8dbe5782d5415d450264a083bf327d15__001ab60ef2_0.jpg,Muffins Basic and Variations
0034e6d632,images/image$adsdb-multimodal-food-data-management$2026-01-04T18-32-24Z$8e57f67ceae1b781da35d61e7bf837ca__0034e6d632_0.jpg,Creamy Potato Soup
00438a4dc1,images/image$adsdb-multimodal-food-data-management$2026-01-04T18-32-24Z$8f57ec6ba70f405f00f14c2adba8c74d__00438a4dc1_0.jpg,Chicken Cacciatore
00016355e6,images/image$adsdb-multimodal-food-data-management$2026-01-04T18-32-24Z$90edba3308a2ad4ed2d6cdc58e7e4a27__00016355e6_0.jpg,Banana Cream Pie Smoothie
002c0bbd96,images/image$adsdb-multimodal-food-data-management$2026-01-04T18-32-24Z$91c1c604256a7236e6e3a8c43f70511b__002c0bbd96_0.jpg,Goan Prawn Curry
0037897776,images/image$adsdb-multimodal-food-data-management$2026-01-04T18-32-24Z$920adb445b57da8681cbbc11bcf52d79__0037897776_0.jpg,Creamy Blue Cheese Dressing
0037897776,images/image$adsdb-multimodal-food-data-management$2026-01-04T18-32-24Z$aef4f029ccd720fc76187f80dbe69d35__0037897776_2.jpg,Creamy Blue Cheese Dressing
0037897776,images/image$adsdb-multimodal-food-data-management$2026-01-04T18-32-24Z$c44ab793fe8c2fbfa9f0edd7b72c990d__0037897776_1.jpg,Creamy Blue Cheese Dressing
0037897776,images/image$adsdb-multimodal-food-data-management$2026-01-04T18-32-24Z$e443a9a165d694ea90dd2d5da62217ab__0037897776_3.jpg,Creamy Blue Cheese Dressing
00210f222b,images/image$adsdb-multimodal-food-data-management$2026-01-04T18-32-24Z$9210ca9db6cc2422f8e16d32459d521d__00210f222b_0.jpg,Mississippi Mud Brownies
002767093d,images/image$adsdb-multimodal-food-data-management$2026-01-04T18-32-24Z$92848e002f6e7359d682b086f739065a__002767093d_0.jpg,Pepperoni Potato Bake
0026efc352,images/image$adsdb-multimodal-food-data-management$2026-01-04T18-32-24Z$92e99cef2171d6ba2c7fae55a0f0c71f__0026efc352_0.jpg,Stacked and Loaded Potato Thins
00054e238b,images/image$adsdb-multimodal-food-data-management$2026-01-04T18-32-24Z$93f4f81c3dcc8cf10d140eccdd36f3c3__00054e238b_0.jpg,Half-Time Sunshine Bars
004a51d5aa,images/image$adsdb-multimodal-food-data-management$2026-01-04T18-32-24Z$97c14307a5148e79bbd216e01f2805ce__004a51d5aa_1.jpg,"Kree's Sweet and ""meaty"" Vegetarian Chili"
004a51d5aa,images/image$adsdb-multimodal-food-data-management$2026-01-04T18-32-24Z$e4cc109d0c8ba823c67c6321339456ba__004a51d5aa_0.jpg,"Kree's Sweet and ""meaty"" Vegetarian Chili"
0040d67b19,images/image$adsdb-multimodal-food-data-management$2026-01-04T18-32-24Z$9cf350dc1fced07fd23253ed14da88d0__0040d67b19_0.jpg,Stone-Fruit Chutney
003938d0b0,images/image$adsdb-multimodal-food-data-management$2026-01-04T18-32-24Z$a334e4a3096887d9659176788eec332f__003938d0b0_1.jpg,Irresistible Peanut Butter Cookies
003938d0b0,images/image$adsdb-multimodal-food-data-management$2026-01-04T18-32-24Z$a87caa38e36e83d48d92a7ea17dd971e__003938d0b0_0.jpg,Irresistible Peanut Butter Cookies
001160531e,images/image$adsdb-multimodal-food-data-management$2026-01-04T18-32-24Z$a3f8cf7c8a54a273e33c3c29db242d6b__001160531e_1.jpg,Hootenanny Pancakes
00131a818b,images/image$adsdb-multimodal-food-data-management$2026-01-04T18-32-24Z$a4187dab2da48e3eaa553dd7b7779af6__00131a818b_0.jpg,Mini Baked Donuts
00451d4108,images/image$adsdb-multimodal-food-data-management$2026-01-04T18-32-24Z$a5e08ddaf84f6dc5dc17c9f88cb65fc4__00451d4108_0.jpg,White Chocolate Cherry Toffee Popcorn
00210897d8,images/image$adsdb-multimodal-food-data-management$2026-01-04T18-32-24Z$a6617be8354eb36e69fbf92e8091efd5__00210897d8_0.jpg,Chilled Asparagus With Pecans
001e55da56,images/image$adsdb-multimodal-food-data-management$2026-01-04T18-32-24Z$a7659364594fc2fbee52fbf60a0a1326__001e55da56_1.jpg,Spinach & Lentil Lasagna
001e55da56,images/image$adsdb-multimodal-food-data-management$2026-01-04T18-32-24Z$bb8c85e15844ff9496de4a31eaf93d81__001e55da56_0.jpg,Spinach & Lentil Lasagna
004a0770d9,images/image$adsdb-multimodal-food-data-management$2026-01-04T18-32-24Z$a8532037a6f33a609be2787c079c968e__004a0770d9_0.jpg,Wardie's Meatloaf
002a5a0870,images/image$adsdb-multimodal-food-data-management$2026-01-04T18-32-24Z$aa328105a4d3c890eeb7b501f1ac08d4__002a5a0870_0.jpg,Southwestern-style Stuffed Sweet Potatoes
0025ca4eef,images/image$adsdb-multimodal-food-data-management$2026-01-04T18-32-24Z$abd4cdf9c890c48ae112f93f6db79099__0025ca4eef_0.jpg,Corn and Coriander Soup
003991406d,images/image$adsdb-multimodal-food-data-management$2026-01-04T18-32-24Z$b08f7b532a17241fb9ac0eb4e2443991__003991406d_0.jpg,Risotto Wonderland
001b9e0557,images/image$adsdb-multimodal-food-data-management$2026-01-04T18-32-24Z$b158bc3bf385541eb5aa53aacaa04ab1__001b9e0557_0.jpg,Beet and Citrus Salad
0039e97313,images/image$adsdb-multimodal-food-data-management$2026-01-04T18-32-24Z$b1a758e8eacdead2f856fa4c34b0b177__0039e97313_0.jpg,Mussels With Capers and White Wine
002f82cae5,images/image$adsdb-multimodal-food-data-management$2026-01-04T18-32-24Z$b20a2289436b7a6439d85f57d7c1809d__002f82cae5_0.jpg,Apple Cider Pork Chops
0024bfa19d,images/image$adsdb-multimodal-food-data-management$2026-01-04T18-32-24Z$b25ca885020fc239fa150e72838bca89__0024bfa19d_0.jpg,Aussie Fudgy Macadamia Nut Cookies
00345a44b0,images/image$adsdb-multimodal-food-data-management$2026-01-04T18-32-24Z$b261e4eea12cee3fa076c9e8b9813d11__00345a44b0_0.jpg,Pisco Punch
002c9ad9f9,images/image$adsdb-multimodal-food-data-management$2026-01-04T18-32-24Z$b29db6f26216dafcb2ea78454a793c1f__002c9ad9f9_0.jpg,Grilled Cauliflower Crust Pizza with Greek Yogurt Pesto
0026783234,images/image$adsdb-multimodal-food-data-management$2026-01-04T18-32-24Z$b3c497df173fd977b4b8433327a8a048__0026783234_0.jpg,Parmesan Couscous Veggie Casserole
00204425f8,images/image$adsdb-multimodal-food-data-management$2026-01-04T18-32-24Z$b563f4c7537f0d0b21d6421d5f6df9dc__00204425f8_0.jpg,Melon with Basil-Lime Granita
0016c315f5,images/image$adsdb-multimodal-food-data-management$2026-01-04T18-32-24Z$b6bf70855f8e4a8a58a40bc8022437cf__0016c315f5_0.jpg,Popcorn and Caramel Chocolate Candy Cones
001f06e5bb,images/image$adsdb-multimodal-food-data-management$2026-01-04T18-32-24Z$b785b25303b64117399faff0f5d0c408__001f06e5bb_0.jpg,Crock Pot Sausage and Beans
003e24ea6b,images/image$adsdb-multimodal-food-data-management$2026-01-04T18-32-24Z$b9a68b32d1eb6cf4676bde7bd97db2c2__003e24ea6b_0.jpg,Homemade Spring Rolls
001128ebd8,images/image$adsdb-multimodal-food-data-management$2026-01-04T18-32-24Z$bbfd659d2c840decae3b55ac6beb9ebb__001128ebd8_0.jpg,Potato & Smoked Sausage Hash
00098bc4cc,images/image$adsdb-multimodal-food-data-management$2026-01-04T18-32-24Z$bdce510ea0e1856b7ab1d508f9a126bd__00098bc4cc_0.jpg,Curly Q Noodle Chicken Soup
001ee1021c,images/image$adsdb-multimodal-food-data-management$2026-01-04T18-32-24Z$be3f699914e24e86930a942f7e299ed6__001ee1021c_1.jpg,"White Beans With Lemon, Garlic and Rosemary"
0047e81b8f,images/image$adsdb-multimodal-food-data-management$2026-01-04T18-32-24Z$bfb6f44f5d31c4a24477ab85e4489900__0047e81b8f_0.jpg,Pasta With Anchovies and Arugula
000dc3e7e7,images/image$adsdb-multimodal-food-data-management$2026-01-04T18-32-24Z$c286b2d709037f6206e7d3a8d89d4558__000dc3e7e7_0.jpg,"Penne With Black Kale, Sausage, and Roasted Peppers"
002324828a,images/image$adsdb-multimodal-food-data-management$2026-01-04T18-32-24Z$c469b3897dea1533f6afe5af5d211ba7__002324828a_0.jpg,Balsamic Fig Cheese Spread
000eb6f05a,images/image$adsdb-multimodal-food-data-management$2026-01-04T18-32-24Z$c9bad1e94d418a7a32dcfcb28f110ddc__000eb6f05a_0.jpg,Marco Canora's Braised Red Cabbage
0042a514ed,images/image$adsdb-multimodal-food-data-management$2026-01-04T18-32-24Z$cc7ea786acd26a100b65cac50f6a53da__0042a514ed_0.jpg,"Grilled Steak with Balsamic Madeira Reduction with Baked Ricotta Parmigiana Mousse, Grilled Eggplant and Tomato Sorbet"
0007a00526,images/image$adsdb-multimodal-food-data-management$2026-01-04T18-32-24Z$cf04ee4347486fe4e1e270b0d42e6278__0007a00526_0.jpg,Peanut Butter Glazed Brownie Doughnuts
002cc78992,images/image$adsdb-multimodal-food-data-management$2026-01-04T18-32-24Z$cf8129088cd793d080b0d936b2c0be69__002cc78992_0.jpg,Luscious Jello Salad
002cc78992,images/image$adsdb-multimodal-food-data-management$2026-01-04T18-32-24Z$d89486041062716e6b60976cefee35f6__002cc78992_1.jpg,Luscious Jello Salad
00050108a0,images/image$adsdb-multimodal-food-data-management$2026-01-04T18-32-24Z$cfd505481137b1714fdb8ac79fdc8320__00050108a0_0.jpg,Peach Scones
001c161537,images/image$adsdb-multimodal-food-data-management$2026-01-04T18-32-24Z$d111db2a6990c39fdf380055baf3f734__001c161537_0.jpg,Italian Chicken
00154ea0c2,images/image$adsdb-multimodal-food-data-management$2026-01-04T18-32-24Z$d1e109b69e20d5268e4e1cf4f277d61d__00154ea0c2_0.jpg,Chestnut-Apple Soup With Calvados Cream
0045f9525e,images/image$adsdb-multimodal-food-data-management$2026-01-04T18-32-24Z$d21ccbf05cd96632dd7adade2ed8b9d2__0045f9525e_0.jpg,Hot and Spicy Nuts (Smoke House Almonds)
0045f9525e,images/image$adsdb-multimodal-food-data-management$2026-01-04T18-32-24Z$e277699350544e40dece869ce9e33c73__0045f9525e_1.jpg,Hot and Spicy Nuts (Smoke House Almonds)
000c4d4523,images/image$adsdb-multimodal-food-data-management$2026-01-04T18-32-24Z$d29f5b49a0bbe5d83a1e2cdfc56f121f__000c4d4523_0.jpg,Chilled Vegetable Pizza Appetizer
00309d6bb4,images/image$adsdb-multimodal-food-data-management$2026-01-04T18-32-24Z$d5252f1d1c0a0265069082909a9990e2__00309d6bb4_0.jpg,Five-Spice Gingersnaps
00263fc9cc,images/image$adsdb-multimodal-food-data-management$2026-01-04T18-32-24Z$d8fe3c3b1c6a885b790518d03cde0b2b__00263fc9cc_0.jpg,Artichokes with Creamy Lemon Sauce
00310c3462,images/image$adsdb-multimodal-food-data-management$2026-01-04T18-32-24Z$da0b55a461d37ddfce20c71610f22aa0__00310c3462_1.jpg,Clam Chowder
00178db33c,images/image$adsdb-multimodal-food-data-management$2026-01-04T18-32-24Z$da2ff0246a6d9b6dbb1d65f8a660fa40__00178db33c_0.jpg,Spicy Beef Chili With Apples
000d39d105,images/image$adsdb-multimodal-food-data-management$2026-01-04T18-32-24Z$dad82c28af73b9f85ab27ef7fd49e127__000d39d105_0.jpg,Slow Cooker French Onion Soup
00312d77ed,images/image$adsdb-multimodal-food-data-management$2026-01-04T18-32-24Z$dca64102e6400a1702c6d80a155d08aa__00312d77ed_0.jpg,Greek Pork Tenderloin Medallions
001c939765,images/image$adsdb-multimodal-food-data-management$2026-01-04T18-32-24Z$dcc578640585a1ecaf88186bfceea899__001c939765_1.jpg,Vegetarian Tortilla Soup
001a666254,images/image$adsdb-multimodal-food-data-management$2026-01-04T18-32-24Z$ddd52fe409913f84075e209a59320bd4__001a666254_0.jpg,Baked Kumera (Sweet Potato) With Sweet Smoked Paprika
002362112a,images/image$adsdb-multimodal-food-data-management$2026-01-04T18-32-24Z$de3c5b9e5365d23b175e0da376de87ef__002362112a_0.jpg,Veal Rib Chops with Caramelized Fennel and Figs
003ac076a2,images/image$adsdb-multimodal-food-data-management$2026-01-04T18-32-24Z$e34b19fc70fd6bbf352e7dcc01626989__003ac076a2_0.jpg,Potato Cabbage Chowder
003b8f708d,images/image$adsdb-multimodal-food-data-management$2026-01-04T18-32-24Z$e3812af3e0c04e1ee380ff70e5357a9c__003b8f708d_0.jpg,Sunny-Side-up Eggs on Mustard-Creamed Spinach with Crispy Crumbs
002f744ada,images/image$adsdb-multimodal-food-data-management$2026-01-04T18-32-24Z$e3cf2b7a2c7d43a5e596a481819d158c__002f744ada_0.jpg,Corn Cake Casserole
003e8990ab,images/image$adsdb-multimodal-food-data-management$2026-01-04T18-32-24Z$e55a99f9fd16d3f4182c6f5b9746a365__003e8990ab_0.jpg,Frozen Peach Daiquiris
00421bfcd3,images/image$adsdb-multimodal-food-data-management$2026-01-04T18-32-24Z$e732364691ba0300e649d714e7b35fc8__00421bfcd3_0.jpg,The Ultimate Chocolate Cake
001cc1083d,images/image$adsdb-multimodal-food-data-management$2026-01-04T18-32-24Z$e96f015eb02bfc2fe1ddfd9cba8073c8__001cc1083d_0.jpg,25 Calorie Chocolate Chip Meringue Cookies
0018949bd3,images/image$adsdb-multimodal-food-data-management$2026-01-04T18-32-24Z$ea5e53782058a1acdead462a5c7d3645__0018949bd3_0.jpg,Tuna Sandwich
000c9dace9,images/image$adsdb-multimodal-food-data-management$2026-01-04T18-32-24Z$ec753e257500b2d2c6455e8080e5f279__000c9dace9_0.jpg,One-Pot Chicken & Penne Parmesan
00127b57b1,images/image$adsdb-multimodal-food-data-management$2026-01-04T18-32-24Z$ee0f85877dc63f3dd603aaf22fcc010c__00127b57b1_0.jpg,Creamy Baked Chicken Breasts
00007bfd16,images/image$adsdb-multimodal-food-data-management$2026-01-04T18-32-24Z$f048b362a2cd8db702bf00f52307e6d5__00007bfd16_1.jpg,Strawberry Rhubarb Dump Cake
0035e6c38e,images/image$adsdb-multimodal-food-data-management$2026-01-04T18-32-24Z$f40058732fd542571d773bbf2b354faa__0035e6c38e_0.jpg,Browned Butter Nutella Stuffed Chocolate Chip Cookies
0004c091a0,images/image$adsdb-multimodal-food-data-management$2026-01-04T18-32-24Z$f402ec01fc2d65a5bfb03727c59657ba__0004c091a0_0.jpg,Whole Wheat Waffles
00120e65ba,images/image$adsdb-multimodal-food-data-management$2026-01-04T18-32-24Z$f4b209a61ffe2f96ba4962456292b91a__00120e65ba_0.jpg,Rosemary-Crumb Beef Tenderloin with Pancetta-Roasted Tomatoes
0027cd4618,images/image$adsdb-multimodal-food-data-management$2026-01-04T18-32-24Z$f543d6abf21eaaffd8d084140a5e81fa__0027cd4618_0.jpg,Alfredo Di Roma Fettucine Alfredo
0017c79fb6,images/image$adsdb-multimodal-food-data-management$2026-01-04T18-32-24Z$f58daf2dff8d8ab5bcfd3f088bc2ada6__0017c79fb6_0.jpg,Bachelor Button Cookies
002aa0c3e8,images/image$adsdb-multimodal-food-data-management$2026-01-04T18-32-24Z$f803d608bef972f1a8ee8f8da11c42df__002aa0c3e8_0.jpg,Chocolate Dipped Frozen Banana Bites
001351e350,images/image$adsdb-multimodal-food-data-management$2026-01-04T18-32-24Z$f80b931da822e7fa2c0129351e2fe34d__001351e350_0.jpg,Ww 7 Point Chicken Noodle Casserole
0033e2bdb0,images/image$adsdb-multimodal-food-data-management$2026-01-04T18-32-24Z$f970ca6971899d5d9a3e20f78624a663__0033e2bdb0_0.jpg,Rhubarb Fool with Whipped Cream & Gingersnaps
003045288d,images/image$adsdb-multimodal-food-data-management$2026-01-04T18-32-24Z$fa09555bb69b487cb47074f1ad59a48a__003045288d_0.jpg,French Silk Chocolate Pie
0049c9af7f,images/image$adsdb-multimodal-food-data-management$2026-01-04T18-32-24Z$fc31b9d5fd6484755d84668e24ed94d2__0049c9af7f_0.jpg,Popcorn Granola
0045a4a2dc,images/image$adsdb-multimodal-food-data-management$2026-01-04T18-32-24Z$fdf47df0b96648c62bdfd271306d1069__0045a4a2dc_0.jpg,Orange Cardamom Blueberry Crostada
002079d702,images/image$adsdb-multimodal-food-data-management$2026-01-04T18-32-24Z$fff9949e73e539185bbea0b1471c1860__002079d702_0.jpg,Lunartini
